{
  "id": "0a3adcd2-a5e5-4f12-98de-d970a615cb37",
  "name": "area",
  "isOverridable": true,
  "entries": [
    {
      "value": "operating systems",
      "synonyms": [
        "operating systems",
        "systems programming",
        "multi threading",
        "threading",
        "OS",
        "os"
      ]
    },
    {
      "value": "compiler construction",
      "synonyms": [
        "compiler construction",
        "compilers",
        "compilers",
        "compiler",
        "compiler design"
      ]
    },
    {
      "value": "computer architecture",
      "synonyms": [
        "computer architecture",
        "architecture",
        "microprocessors"
      ]
    },
    {
      "value": "computer networks",
      "synonyms": [
        "computer networks",
        "networks",
        "networking",
        "network security",
        "internet"
      ]
    },
    {
      "value": "programming basics",
      "synonyms": [
        "programming basics",
        "java",
        "programming",
        "data structures",
        "basics",
        "basic level"
      ]
    }
  ],
  "isEnum": false,
  "automatedExpansion": true
}