{
  "id": "0b01714d-d9ec-4cd7-b7de-04a795266d0c",
  "name": "firstName",
  "isOverridable": true,
  "entries": [
    {
      "value": "ghassan",
      "synonyms": [
        "ghassan",
        "ghasan"
      ]
    },
    {
      "value": "isaac",
      "synonyms": [
        "isaac"
      ]
    },
    {
      "value": "weide",
      "synonyms": [
        "weide",
        "wied"
      ]
    },
    {
      "value": "doan",
      "synonyms": [
        "doan"
      ]
    }
  ],
  "isEnum": false,
  "automatedExpansion": true
}