{
  "id": "61f5bfa8-ffee-4f7b-a26e-3b2d4485e316",
  "name": "lastName",
  "isOverridable": true,
  "entries": [
    {
      "value": "shobaki",
      "synonyms": [
        "shobaki",
        "shobaaki"
      ]
    },
    {
      "value": "ghansah",
      "synonyms": [
        "ghansah",
        "ghansahisaac",
        "ghansa"
      ]
    },
    {
      "value": "dai",
      "synonyms": [
        "dai",
        "da"
      ]
    },
    {
      "value": "krovetz",
      "synonyms": [
        "krovetz",
        "tedkrovetz"
      ]
    },
    {
      "value": "ngyuen",
      "synonyms": [
        "ngyuen"
      ]
    },
    {
      "value": "chang",
      "synonyms": [
        "chang",
        "chan"
      ]
    },
    {
      "value": "faroughi",
      "synonyms": [
        "faroughi",
        "farooghi"
      ]
    }
  ],
  "isEnum": false,
  "automatedExpansion": true
}