{
  "id": "d6442e65-6069-4f99-85c6-51f2504aca32",
  "name": "prof_enquiry",
  "isOverridable": true,
  "entries": [
    {
      "value": "email",
      "synonyms": [
        "email",
        "contact",
        "communicate",
        "communication",
        "appointment"
      ]
    },
    {
      "value": "courses",
      "synonyms": [
        "courses",
        "classes"
      ]
    },
    {
      "value": "office hours",
      "synonyms": [
        "office hours",
        "office",
        "meet",
        "in person"
      ]
    }
  ],
  "isEnum": false,
  "automatedExpansion": false
}